"Visit","Scenario","Event_rate","CI_type","Coverage","rank","old_rank","coverage_old"
0,1,1,"LEF_outcome",0.993,1,"LEF_outcome",0.993
0,1,1,"LEF_both",0.993,1,"LEF_both",0.993
0,1,1,"Bootstrap",0.967,2,"Bootstrap",0.966
0,1,1,"Jackknife_Wald",0.951,3,"Jackknife_Wald",0.944
0,1,1,"Jackknife_MVN",0.887814313346228,4,"Jackknife_MVN",0.882136279926335
0,1,1,"Sandwich",0.85854189336235,5,"Sandwich",0.836206896551724
1,1,1,"LEF_outcome",0.99,1,"LEF_outcome",0.992
1,1,1,"LEF_both",0.99,1,"LEF_both",0.992
1,1,1,"Jackknife_Wald",0.96,2,"Jackknife_Wald",0.964
1,1,1,"Bootstrap",0.954,3,"Bootstrap",0.956
1,1,1,"Jackknife_MVN",0.93036750483559,4,"Jackknife_MVN",0.931860036832412
1,1,1,"Sandwich",0.871599564744287,5,"Sandwich",0.873922413793103
2,1,1,"LEF_outcome",0.974,1,"LEF_outcome",0.973
2,1,1,"LEF_both",0.974,1,"LEF_both",0.973
2,1,1,"Jackknife_MVN",0.943907156673114,2,"Jackknife_Wald",0.959
2,1,1,"Jackknife_Wald",0.943,3,"Jackknife_MVN",0.953959484346225
2,1,1,"Bootstrap",0.927,4,"Bootstrap",0.933
2,1,1,"Sandwich",0.81936887921654,5,"Sandwich",0.814655172413793
3,1,1,"Jackknife_MVN",0.955512572533849,1,"Jackknife_MVN",0.965009208103131
3,1,1,"Jackknife_Wald",0.945,2,"Jackknife_Wald",0.958
3,1,1,"LEF_outcome",0.924,3,"LEF_outcome",0.911
3,1,1,"LEF_both",0.923,4,"LEF_both",0.91
3,1,1,"Bootstrap",0.902,5,"Bootstrap",0.888
3,1,1,"Sandwich",0.76822633297062,6,"Sandwich",0.744612068965517
4,1,1,"Jackknife_MVN",0.963249516441006,1,"Jackknife_MVN",0.974217311233886
4,1,1,"Jackknife_Wald",0.944,2,"Jackknife_Wald",0.964
4,1,1,"LEF_outcome",0.899,3,"LEF_outcome",0.884
4,1,1,"LEF_both",0.899,3,"Bootstrap",0.88
4,1,1,"Bootstrap",0.897,4,"LEF_both",0.878
4,1,1,"Sandwich",0.779107725788901,5,"Sandwich",0.752155172413793
0,2,1,"LEF_outcome",0.977,1,"LEF_outcome",0.969
0,2,1,"LEF_both",0.977,1,"LEF_both",0.969
0,2,1,"Bootstrap",0.949,2,"Bootstrap",0.942
0,2,1,"Sandwich",0.922190201729107,3,"Sandwich",0.907380607814761
0,2,1,"Jackknife_Wald",0.919,4,"Jackknife_Wald",0.906
0,2,1,"Jackknife_MVN",0.890577507598784,5,"Jackknife_MVN",0.875126903553299
1,2,1,"LEF_outcome",0.98,1,"LEF_outcome",0.963
1,2,1,"LEF_both",0.98,1,"LEF_both",0.962
1,2,1,"Jackknife_MVN",0.917933130699088,2,"Jackknife_MVN",0.914720812182741
1,2,1,"Jackknife_Wald",0.904,3,"Sandwich",0.895803183791606
1,2,1,"Sandwich",0.899135446685879,4,"Jackknife_Wald",0.882
1,2,1,"Bootstrap",0.894,5,"Bootstrap",0.86
2,2,1,"LEF_outcome",0.962,1,"Jackknife_MVN",0.92994923857868
2,2,1,"LEF_both",0.961,2,"LEF_outcome",0.921
2,2,1,"Jackknife_MVN",0.931104356636272,3,"LEF_both",0.918
2,2,1,"Jackknife_Wald",0.883,4,"Jackknife_Wald",0.861
2,2,1,"Sandwich",0.848703170028818,5,"Bootstrap",0.806
2,2,1,"Bootstrap",0.839,6,"Sandwich",0.801736613603473
3,2,1,"Jackknife_MVN",0.931104356636272,1,"Jackknife_MVN",0.937055837563452
3,2,1,"LEF_outcome",0.924,2,"LEF_outcome",0.876
3,2,1,"LEF_both",0.923,3,"LEF_both",0.872
3,2,1,"Jackknife_Wald",0.873,4,"Jackknife_Wald",0.853
3,2,1,"Bootstrap",0.804,5,"Bootstrap",0.744
3,2,1,"Sandwich",0.79971181556196,6,"Sandwich",0.742402315484805
4,2,1,"Jackknife_MVN",0.941236068895643,1,"Jackknife_MVN",0.939086294416244
4,2,1,"LEF_outcome",0.88,2,"Jackknife_Wald",0.832
4,2,1,"LEF_both",0.878,3,"LEF_outcome",0.826
4,2,1,"Jackknife_Wald",0.852,4,"LEF_both",0.823
4,2,1,"Bootstrap",0.788,5,"Bootstrap",0.711
4,2,1,"Sandwich",0.757925072046109,6,"Sandwich",0.706222865412446
0,3,1,"LEF_outcome",0.894,1,"Sandwich",0.89937106918239
0,3,1,"LEF_both",0.894,1,"LEF_outcome",0.899
0,3,1,"Sandwich",0.883333333333333,2,"LEF_both",0.899
0,3,1,"Bootstrap",0.689,3,"Bootstrap",0.765
0,3,1,"Jackknife_Wald",0.633,4,"Jackknife_Wald",0.629
0,3,1,"Jackknife_MVN",0.617710583153348,5,"Jackknife_MVN",0.596385542168675
1,3,1,"LEF_outcome",0.934,1,"LEF_outcome",0.925
1,3,1,"LEF_both",0.933,2,"LEF_both",0.925
1,3,1,"Sandwich",0.811111111111111,3,"Sandwich",0.823899371069182
1,3,1,"Jackknife_MVN",0.673866090712743,4,"Jackknife_MVN",0.64859437751004
1,3,1,"Jackknife_Wald",0.661,5,"Jackknife_Wald",0.637
1,3,1,"Bootstrap",0.6,6,"Bootstrap",0.594
2,3,1,"LEF_outcome",0.896,1,"LEF_both",0.894
2,3,1,"LEF_both",0.894,2,"LEF_outcome",0.893
2,3,1,"Jackknife_MVN",0.73866090712743,3,"Sandwich",0.729559748427673
2,3,1,"Sandwich",0.705555555555556,4,"Jackknife_MVN",0.72289156626506
2,3,1,"Jackknife_Wald",0.689,5,"Jackknife_Wald",0.684
2,3,1,"Bootstrap",0.575,6,"Bootstrap",0.554
3,3,1,"LEF_outcome",0.842,1,"LEF_outcome",0.835
3,3,1,"LEF_both",0.842,1,"LEF_both",0.835
3,3,1,"Jackknife_MVN",0.764578833693304,2,"Jackknife_MVN",0.748995983935743
3,3,1,"Jackknife_Wald",0.722,3,"Jackknife_Wald",0.721
3,3,1,"Sandwich",0.683333333333333,4,"Sandwich",0.716981132075472
3,3,1,"Bootstrap",0.518,5,"Bootstrap",0.52
4,3,1,"LEF_outcome",0.793,1,"LEF_outcome",0.799
4,3,1,"LEF_both",0.793,1,"LEF_both",0.798
4,3,1,"Jackknife_MVN",0.777537796976242,2,"Jackknife_MVN",0.763052208835341
4,3,1,"Jackknife_Wald",0.739,3,"Jackknife_Wald",0.739
4,3,1,"Sandwich",0.666666666666667,4,"Sandwich",0.723270440251572
4,3,1,"Bootstrap",0.478,5,"Bootstrap",0.498
0,4,1,"LEF_outcome",0.997,1,"LEF_outcome",0.997
0,4,1,"LEF_both",0.997,1,"LEF_both",0.997
0,4,1,"Bootstrap",0.976,2,"Bootstrap",0.978
0,4,1,"Jackknife_Wald",0.955,3,"Jackknife_Wald",0.961
0,4,1,"Jackknife_MVN",0.916167664670659,4,"Jackknife_MVN",0.928436911487759
0,4,1,"Sandwich",0.885228480340064,5,"Sandwich",0.903088391906283
1,4,1,"LEF_outcome",0.995,1,"LEF_outcome",0.992
1,4,1,"LEF_both",0.995,1,"LEF_both",0.992
1,4,1,"Bootstrap",0.961,2,"Bootstrap",0.967
1,4,1,"Jackknife_MVN",0.958083832335329,3,"Jackknife_Wald",0.964
1,4,1,"Jackknife_Wald",0.956,4,"Jackknife_MVN",0.962335216572505
1,4,1,"Sandwich",0.901168969181722,5,"Sandwich",0.904153354632588
2,4,1,"LEF_outcome",0.965,1,"Jackknife_MVN",0.975517890772128
2,4,1,"LEF_both",0.965,1,"Jackknife_Wald",0.971
2,4,1,"Jackknife_MVN",0.956087824351297,2,"LEF_outcome",0.97
2,4,1,"Jackknife_Wald",0.951,3,"LEF_both",0.97
2,4,1,"Bootstrap",0.938,4,"Bootstrap",0.945
2,4,1,"Sandwich",0.842720510095643,5,"Sandwich",0.846645367412141
3,4,1,"Jackknife_MVN",0.962075848303393,1,"Jackknife_MVN",0.971751412429379
3,4,1,"Jackknife_Wald",0.95,2,"Jackknife_Wald",0.952
3,4,1,"LEF_both",0.918,3,"LEF_outcome",0.921
3,4,1,"LEF_outcome",0.917,4,"LEF_both",0.921
3,4,1,"Bootstrap",0.895,5,"Bootstrap",0.888
3,4,1,"Sandwich",0.780021253985122,6,"Sandwich",0.78594249201278
4,4,1,"Jackknife_MVN",0.980039920159681,1,"Jackknife_MVN",0.977401129943503
4,4,1,"Jackknife_Wald",0.945,2,"Jackknife_Wald",0.946
4,4,1,"LEF_both",0.898,3,"LEF_outcome",0.888
4,4,1,"LEF_outcome",0.897,4,"LEF_both",0.888
4,4,1,"Bootstrap",0.885,5,"Bootstrap",0.877
4,4,1,"Sandwich",0.793836344314559,6,"Sandwich",0.798722044728435
0,5,1,"LEF_outcome",0.976,1,"LEF_outcome",0.978
0,5,1,"LEF_both",0.976,1,"LEF_both",0.978
0,5,1,"Sandwich",0.925311203319502,2,"Sandwich",0.933147632311978
0,5,1,"Bootstrap",0.913,3,"Bootstrap",0.917
0,5,1,"Jackknife_Wald",0.882,4,"Jackknife_Wald",0.895
0,5,1,"Jackknife_MVN",0.868257261410788,5,"Jackknife_MVN",0.870314083080041
1,5,1,"LEF_outcome",0.977,1,"LEF_outcome",0.964
1,5,1,"LEF_both",0.977,1,"LEF_both",0.962
1,5,1,"Jackknife_MVN",0.902489626556017,2,"Jackknife_MVN",0.891590678824721
1,5,1,"Sandwich",0.887966804979253,3,"Sandwich",0.87883008356546
1,5,1,"Bootstrap",0.85,4,"Jackknife_Wald",0.869
1,5,1,"Jackknife_Wald",0.847,5,"Bootstrap",0.852
2,5,1,"LEF_outcome",0.938,1,"LEF_outcome",0.929
2,5,1,"LEF_both",0.937,2,"LEF_both",0.927
2,5,1,"Jackknife_MVN",0.9149377593361,3,"Jackknife_MVN",0.912867274569402
2,5,1,"Jackknife_Wald",0.841,4,"Jackknife_Wald",0.841
2,5,1,"Sandwich",0.814661134163209,5,"Sandwich",0.8008356545961
2,5,1,"Bootstrap",0.785,6,"Bootstrap",0.797
3,5,1,"Jackknife_MVN",0.91701244813278,1,"Jackknife_MVN",0.921985815602837
3,5,1,"LEF_outcome",0.893,2,"LEF_outcome",0.861
3,5,1,"LEF_both",0.893,2,"LEF_both",0.857
3,5,1,"Jackknife_Wald",0.824,3,"Jackknife_Wald",0.855
3,5,1,"Sandwich",0.756569847856155,4,"Bootstrap",0.759
3,5,1,"Bootstrap",0.741,5,"Sandwich",0.742339832869081
4,5,1,"Jackknife_MVN",0.923236514522822,1,"Jackknife_MVN",0.9209726443769
4,5,1,"LEF_outcome",0.829,2,"Jackknife_Wald",0.822
4,5,1,"LEF_both",0.829,2,"LEF_both",0.806
4,5,1,"Jackknife_Wald",0.814,3,"LEF_outcome",0.804
4,5,1,"Bootstrap",0.721,4,"Bootstrap",0.737
4,5,1,"Sandwich",0.69432918395574,5,"Sandwich",0.70891364902507
0,6,1,"LEF_outcome",0.923,1,"LEF_outcome",0.931
0,6,1,"LEF_both",0.923,1,"LEF_both",0.931
0,6,1,"Sandwich",0.880434782608696,2,"Sandwich",0.917948717948718
0,6,1,"Bootstrap",0.671,3,"Bootstrap",0.722
0,6,1,"Jackknife_MVN",0.644444444444444,4,"Jackknife_Wald",0.635
0,6,1,"Jackknife_Wald",0.642,5,"Jackknife_MVN",0.598790322580645
1,6,1,"LEF_outcome",0.949,1,"LEF_outcome",0.93
1,6,1,"LEF_both",0.948,2,"LEF_both",0.929
1,6,1,"Sandwich",0.83695652173913,3,"Sandwich",0.846153846153846
1,6,1,"Jackknife_MVN",0.696969696969697,4,"Jackknife_Wald",0.637
1,6,1,"Jackknife_Wald",0.667,5,"Jackknife_MVN",0.629032258064516
1,6,1,"Bootstrap",0.603,6,"Bootstrap",0.57
2,6,1,"LEF_outcome",0.911,1,"LEF_outcome",0.894
2,6,1,"LEF_both",0.91,2,"LEF_both",0.893
2,6,1,"Sandwich",0.760869565217391,3,"Sandwich",0.753846153846154
2,6,1,"Jackknife_MVN",0.745454545454545,4,"Jackknife_MVN",0.679435483870968
2,6,1,"Jackknife_Wald",0.699,5,"Jackknife_Wald",0.664
2,6,1,"Bootstrap",0.575,6,"Bootstrap",0.544
3,6,1,"LEF_outcome",0.858,1,"LEF_outcome",0.851
3,6,1,"LEF_both",0.857,2,"LEF_both",0.849
3,6,1,"Jackknife_MVN",0.771717171717172,3,"Jackknife_MVN",0.703629032258065
3,6,1,"Sandwich",0.755434782608696,4,"Sandwich",0.702564102564103
3,6,1,"Jackknife_Wald",0.732,5,"Jackknife_Wald",0.696
3,6,1,"Bootstrap",0.531,6,"Bootstrap",0.491
4,6,1,"LEF_outcome",0.825,1,"LEF_both",0.812
4,6,1,"LEF_both",0.825,1,"LEF_outcome",0.809
4,6,1,"Jackknife_MVN",0.773737373737374,2,"Jackknife_MVN",0.725806451612903
4,6,1,"Sandwich",0.755434782608696,3,"Jackknife_Wald",0.717
4,6,1,"Jackknife_Wald",0.751,4,"Sandwich",0.707692307692308
4,6,1,"Bootstrap",0.509,5,"Bootstrap",0.457
0,7,1,"LEF_outcome",0.993,1,"LEF_outcome",0.996
0,7,1,"LEF_both",0.993,1,"LEF_both",0.996
0,7,1,"Jackknife_MVN",0.966252220248668,2,"Jackknife_MVN",0.968864468864469
0,7,1,"Bootstrap",0.964,3,"Bootstrap",0.963
0,7,1,"Jackknife_Wald",0.954,4,"Jackknife_Wald",0.958
0,7,1,"Sandwich",0.934479054779807,5,"Sandwich",0.944864864864865
1,7,1,"LEF_outcome",0.988,1,"LEF_outcome",0.987
1,7,1,"LEF_both",0.988,1,"LEF_both",0.985
1,7,1,"Jackknife_MVN",0.978685612788632,2,"Jackknife_MVN",0.974358974358974
1,7,1,"Bootstrap",0.958,3,"Jackknife_Wald",0.957
1,7,1,"Jackknife_Wald",0.956,4,"Bootstrap",0.95
1,7,1,"Sandwich",0.889366272824919,5,"Sandwich",0.905945945945946
2,7,1,"Jackknife_MVN",0.968028419182948,1,"Jackknife_MVN",0.95970695970696
2,7,1,"Jackknife_Wald",0.952,2,"LEF_outcome",0.954
2,7,1,"LEF_outcome",0.949,3,"LEF_both",0.951
2,7,1,"LEF_both",0.948,4,"Jackknife_Wald",0.943
2,7,1,"Bootstrap",0.932,5,"Bootstrap",0.918
2,7,1,"Sandwich",0.830290010741139,6,"Sandwich",0.857297297297297
3,7,1,"Jackknife_MVN",0.980461811722913,1,"Jackknife_MVN",0.974358974358974
3,7,1,"Jackknife_Wald",0.945,2,"Jackknife_Wald",0.938
3,7,1,"LEF_outcome",0.874,3,"LEF_outcome",0.898
3,7,1,"LEF_both",0.873,4,"LEF_both",0.895
3,7,1,"Bootstrap",0.862,5,"Bootstrap",0.853
3,7,1,"Sandwich",0.766917293233083,6,"Sandwich",0.805405405405405
4,7,1,"Jackknife_MVN",0.985790408525755,1,"Jackknife_MVN",0.974358974358974
4,7,1,"Jackknife_Wald",0.925,2,"Jackknife_Wald",0.93
4,7,1,"LEF_outcome",0.841,3,"LEF_both",0.859
4,7,1,"LEF_both",0.841,3,"LEF_outcome",0.857
4,7,1,"Bootstrap",0.838,4,"Bootstrap",0.849
4,7,1,"Sandwich",0.764769065520945,5,"Sandwich",0.803243243243243
0,8,1,"LEF_outcome",0.989,1,"LEF_outcome",0.985
0,8,1,"LEF_both",0.989,1,"LEF_both",0.985
0,8,1,"Sandwich",0.956,2,"Sandwich",0.952134540750323
0,8,1,"Jackknife_MVN",0.908613445378151,3,"Jackknife_MVN",0.918518518518519
0,8,1,"Jackknife_Wald",0.906,4,"Jackknife_Wald",0.906
0,8,1,"Bootstrap",0.903,5,"Bootstrap",0.902
1,8,1,"LEF_outcome",0.972,1,"LEF_outcome",0.967
1,8,1,"LEF_both",0.971,2,"LEF_both",0.966
1,8,1,"Jackknife_MVN",0.929621848739496,3,"Jackknife_MVN",0.925925925925926
1,8,1,"Sandwich",0.905333333333333,4,"Sandwich",0.905562742561449
1,8,1,"Jackknife_Wald",0.868,5,"Jackknife_Wald",0.867
1,8,1,"Bootstrap",0.852,6,"Bootstrap",0.838
2,8,1,"Jackknife_MVN",0.927521008403361,1,"Jackknife_MVN",0.928042328042328
2,8,1,"LEF_outcome",0.922,2,"LEF_outcome",0.916
2,8,1,"LEF_both",0.92,3,"LEF_both",0.915
2,8,1,"Jackknife_Wald",0.846,4,"Jackknife_Wald",0.847
2,8,1,"Sandwich",0.838666666666667,5,"Sandwich",0.816300129366106
2,8,1,"Bootstrap",0.801,6,"Bootstrap",0.783
3,8,1,"Jackknife_MVN",0.930672268907563,1,"Jackknife_MVN",0.935449735449735
3,8,1,"LEF_outcome",0.865,2,"LEF_outcome",0.843
3,8,1,"LEF_both",0.864,3,"Jackknife_Wald",0.84
3,8,1,"Jackknife_Wald",0.842,4,"LEF_both",0.839
3,8,1,"Sandwich",0.748,5,"Bootstrap",0.745
3,8,1,"Bootstrap",0.742,6,"Sandwich",0.738680465717982
4,8,1,"Jackknife_MVN",0.93172268907563,1,"Jackknife_MVN",0.932275132275132
4,8,1,"Jackknife_Wald",0.818,2,"Jackknife_Wald",0.824
4,8,1,"LEF_both",0.785,3,"LEF_outcome",0.779
4,8,1,"LEF_outcome",0.782,4,"LEF_both",0.776
4,8,1,"Bootstrap",0.733,5,"Bootstrap",0.729
4,8,1,"Sandwich",0.668,6,"Sandwich",0.676584734799483
0,9,1,"LEF_outcome",0.965,1,"LEF_outcome",0.948
0,9,1,"LEF_both",0.965,1,"LEF_both",0.948
0,9,1,"Sandwich",0.917748917748918,2,"Sandwich",0.880184331797235
0,9,1,"Jackknife_Wald",0.634,3,"Jackknife_Wald",0.633
0,9,1,"Bootstrap",0.614,4,"Bootstrap",0.62
0,9,1,"Jackknife_MVN",0.611344537815126,5,"Jackknife_MVN",0.619047619047619
1,9,1,"LEF_outcome",0.947,1,"LEF_outcome",0.923
1,9,1,"LEF_both",0.945,2,"LEF_both",0.921
1,9,1,"Sandwich",0.865800865800866,3,"Sandwich",0.824884792626728
1,9,1,"Jackknife_Wald",0.654,4,"Jackknife_MVN",0.653679653679654
1,9,1,"Jackknife_MVN",0.647058823529412,5,"Jackknife_Wald",0.651
1,9,1,"Bootstrap",0.558,6,"Bootstrap",0.55
2,9,1,"LEF_outcome",0.899,1,"LEF_outcome",0.877
2,9,1,"LEF_both",0.899,1,"LEF_both",0.877
2,9,1,"Sandwich",0.774891774891775,2,"Sandwich",0.783410138248848
2,9,1,"Jackknife_MVN",0.684873949579832,3,"Jackknife_MVN",0.714285714285714
2,9,1,"Jackknife_Wald",0.669,4,"Jackknife_Wald",0.675
2,9,1,"Bootstrap",0.517,5,"Bootstrap",0.505
3,9,1,"LEF_both",0.838,1,"LEF_both",0.822
3,9,1,"LEF_outcome",0.836,2,"LEF_outcome",0.82
3,9,1,"Sandwich",0.757575757575758,3,"Sandwich",0.746543778801843
3,9,1,"Jackknife_MVN",0.73109243697479,4,"Jackknife_MVN",0.74025974025974
3,9,1,"Jackknife_Wald",0.713,5,"Jackknife_Wald",0.704
3,9,1,"Bootstrap",0.493,6,"Bootstrap",0.463
4,9,1,"LEF_both",0.799,1,"LEF_outcome",0.767
4,9,1,"LEF_outcome",0.798,2,"LEF_both",0.765
4,9,1,"Jackknife_Wald",0.742,3,"Jackknife_MVN",0.748917748917749
4,9,1,"Sandwich",0.74025974025974,4,"Jackknife_Wald",0.716
4,9,1,"Jackknife_MVN",0.73109243697479,5,"Sandwich",0.714285714285714
4,9,1,"Bootstrap",0.48,6,"Bootstrap",0.433
0,1,2,"LEF_outcome",0.989,1,"LEF_outcome",0.982
0,1,2,"LEF_both",0.989,1,"LEF_both",0.982
0,1,2,"Bootstrap",0.966,2,"Bootstrap",0.95
0,1,2,"Jackknife_MVN",0.96028880866426,3,"Jackknife_MVN",0.949532710280374
0,1,2,"Jackknife_Wald",0.96,4,"Jackknife_Wald",0.94
0,1,2,"Sandwich",0.951781970649895,5,"Sandwich",0.938733125649013
1,1,2,"LEF_both",0.99,1,"LEF_both",0.976
1,1,2,"LEF_outcome",0.989,2,"LEF_outcome",0.975
1,1,2,"Jackknife_MVN",0.98014440433213,3,"Jackknife_MVN",0.973831775700935
1,1,2,"Bootstrap",0.949,4,"Bootstrap",0.941
1,1,2,"Jackknife_Wald",0.946,5,"Jackknife_Wald",0.934
1,1,2,"Sandwich",0.912997903563941,6,"Sandwich",0.91484942886812
2,1,2,"LEF_outcome",0.986,1,"LEF_outcome",0.974
2,1,2,"LEF_both",0.986,1,"LEF_both",0.971
2,1,2,"Jackknife_MVN",0.963898916967509,2,"Jackknife_MVN",0.949532710280374
2,1,2,"Jackknife_Wald",0.942,3,"Jackknife_Wald",0.928
2,1,2,"Bootstrap",0.933,4,"Bootstrap",0.917
2,1,2,"Sandwich",0.859538784067086,5,"Sandwich",0.844236760124611
3,1,2,"Jackknife_MVN",0.956678700361011,1,"Jackknife_MVN",0.955140186915888
3,1,2,"Jackknife_Wald",0.951,2,"Jackknife_Wald",0.941
3,1,2,"LEF_outcome",0.949,3,"LEF_outcome",0.933
3,1,2,"LEF_both",0.948,4,"LEF_both",0.928
3,1,2,"Bootstrap",0.875,5,"Bootstrap",0.871
3,1,2,"Sandwich",0.805031446540881,6,"Sandwich",0.787123572170301
4,1,2,"Jackknife_MVN",0.976534296028881,1,"Jackknife_MVN",0.966355140186916
4,1,2,"Jackknife_Wald",0.973,2,"Jackknife_Wald",0.963
4,1,2,"LEF_outcome",0.926,3,"LEF_outcome",0.902
4,1,2,"LEF_both",0.925,4,"LEF_both",0.899
4,1,2,"Bootstrap",0.878,5,"Bootstrap",0.858
4,1,2,"Sandwich",0.820754716981132,6,"Sandwich",0.782969885773624
0,2,2,"LEF_outcome",0.995,1,"LEF_outcome",0.992
0,2,2,"LEF_both",0.995,1,"LEF_both",0.992
0,2,2,"Jackknife_MVN",0.985670419651996,2,"Jackknife_MVN",0.990721649484536
0,2,2,"Sandwich",0.958144796380091,3,"Sandwich",0.969802555168409
0,2,2,"Jackknife_Wald",0.952,4,"Jackknife_Wald",0.954
0,2,2,"Bootstrap",0.948,5,"Bootstrap",0.953
1,2,2,"LEF_outcome",0.991,1,"LEF_outcome",0.991
1,2,2,"LEF_both",0.991,1,"LEF_both",0.989
1,2,2,"Jackknife_MVN",0.970317297850563,2,"Jackknife_MVN",0.967010309278351
1,2,2,"Jackknife_Wald",0.926,3,"Jackknife_Wald",0.93
1,2,2,"Bootstrap",0.923,4,"Sandwich",0.91869918699187
1,2,2,"Sandwich",0.907239819004525,5,"Bootstrap",0.914
2,2,2,"Jackknife_MVN",0.958034800409417,1,"LEF_outcome",0.979
2,2,2,"LEF_outcome",0.954,2,"LEF_both",0.976
2,2,2,"LEF_both",0.953,3,"Jackknife_MVN",0.951546391752577
2,2,2,"Jackknife_Wald",0.9,4,"Jackknife_Wald",0.91
2,2,2,"Sandwich",0.846153846153846,5,"Sandwich",0.879210220673635
2,2,2,"Bootstrap",0.846,6,"Bootstrap",0.864
3,2,2,"Jackknife_MVN",0.963152507676561,1,"Jackknife_MVN",0.948453608247423
3,2,2,"Jackknife_Wald",0.905,2,"Jackknife_Wald",0.91
3,2,2,"LEF_both",0.882,3,"LEF_outcome",0.906
3,2,2,"LEF_outcome",0.88,4,"LEF_both",0.903
3,2,2,"Bootstrap",0.788,5,"Sandwich",0.815331010452962
3,2,2,"Sandwich",0.760180995475113,6,"Bootstrap",0.803
4,2,2,"Jackknife_MVN",0.965199590583419,1,"Jackknife_MVN",0.952577319587629
4,2,2,"Jackknife_Wald",0.902,2,"Jackknife_Wald",0.904
4,2,2,"LEF_both",0.807,3,"LEF_outcome",0.829
4,2,2,"LEF_outcome",0.805,4,"LEF_both",0.82
4,2,2,"Bootstrap",0.763,5,"Bootstrap",0.771
4,2,2,"Sandwich",0.687782805429864,6,"Sandwich",0.738675958188153
0,3,2,"LEF_outcome",0.993,1,"LEF_outcome",0.973
0,3,2,"LEF_both",0.993,1,"LEF_both",0.973
0,3,2,"Sandwich",0.945244956772334,2,"Sandwich",0.936416184971098
0,3,2,"Jackknife_MVN",0.897087378640777,3,"Jackknife_Wald",0.85
0,3,2,"Jackknife_Wald",0.861,4,"Jackknife_MVN",0.847058823529412
0,3,2,"Bootstrap",0.856,5,"Bootstrap",0.839
1,3,2,"LEF_both",0.961,1,"LEF_outcome",0.957
1,3,2,"LEF_outcome",0.96,2,"LEF_both",0.956
1,3,2,"Sandwich",0.927953890489914,3,"Sandwich",0.910404624277457
1,3,2,"Jackknife_MVN",0.904854368932039,4,"Jackknife_MVN",0.86078431372549
1,3,2,"Jackknife_Wald",0.77,5,"Jackknife_Wald",0.752
1,3,2,"Bootstrap",0.703,6,"Bootstrap",0.678
2,3,2,"Jackknife_MVN",0.912621359223301,1,"LEF_outcome",0.899
2,3,2,"LEF_outcome",0.902,2,"LEF_both",0.894
2,3,2,"LEF_both",0.902,2,"Jackknife_MVN",0.876470588235294
2,3,2,"Sandwich",0.755043227665706,3,"Sandwich",0.748554913294798
2,3,2,"Jackknife_Wald",0.702,4,"Jackknife_Wald",0.684
2,3,2,"Bootstrap",0.56,5,"Bootstrap",0.527
3,3,2,"Jackknife_MVN",0.912621359223301,1,"Jackknife_MVN",0.876470588235294
3,3,2,"LEF_outcome",0.865,2,"LEF_outcome",0.828
3,3,2,"LEF_both",0.865,2,"LEF_both",0.828
3,3,2,"Jackknife_Wald",0.741,3,"Jackknife_Wald",0.751
3,3,2,"Sandwich",0.729106628242075,4,"Sandwich",0.690751445086705
3,3,2,"Bootstrap",0.527,5,"Bootstrap",0.485
4,3,2,"Jackknife_MVN",0.895145631067961,1,"Jackknife_MVN",0.876470588235294
4,3,2,"LEF_both",0.827,2,"Jackknife_Wald",0.816
4,3,2,"LEF_outcome",0.824,3,"LEF_outcome",0.8
4,3,2,"Jackknife_Wald",0.796,4,"LEF_both",0.795
4,3,2,"Sandwich",0.772334293948127,5,"Sandwich",0.751445086705202
4,3,2,"Bootstrap",0.546,6,"Bootstrap",0.531
0,4,2,"LEF_outcome",0.993,1,"LEF_outcome",0.984
0,4,2,"LEF_both",0.993,1,"LEF_both",0.984
0,4,2,"Jackknife_MVN",0.970588235294118,2,"Jackknife_MVN",0.970204841713222
0,4,2,"Bootstrap",0.97,3,"Sandwich",0.94869109947644
0,4,2,"Jackknife_Wald",0.964,4,"Bootstrap",0.948
0,4,2,"Sandwich",0.960416666666667,5,"Jackknife_Wald",0.946
1,4,2,"LEF_both",0.987,1,"LEF_outcome",0.984
1,4,2,"LEF_outcome",0.986,2,"LEF_both",0.982
1,4,2,"Jackknife_MVN",0.961397058823529,3,"Jackknife_MVN",0.972067039106145
1,4,2,"Bootstrap",0.954,4,"Bootstrap",0.944
1,4,2,"Jackknife_Wald",0.954,4,"Jackknife_Wald",0.941
1,4,2,"Sandwich",0.907291666666667,5,"Sandwich",0.905759162303665
2,4,2,"LEF_outcome",0.977,1,"LEF_outcome",0.974
2,4,2,"LEF_both",0.976,2,"LEF_both",0.971
2,4,2,"Jackknife_Wald",0.95,3,"Jackknife_MVN",0.94413407821229
2,4,2,"Jackknife_MVN",0.943014705882353,4,"Jackknife_Wald",0.927
2,4,2,"Bootstrap",0.938,5,"Bootstrap",0.913
2,4,2,"Sandwich",0.85625,6,"Sandwich",0.838743455497382
3,4,2,"Jackknife_Wald",0.961,1,"Jackknife_Wald",0.938
3,4,2,"Jackknife_MVN",0.944852941176471,2,"Jackknife_MVN",0.927374301675978
3,4,2,"LEF_both",0.929,3,"LEF_outcome",0.927
3,4,2,"LEF_outcome",0.928,4,"LEF_both",0.925
3,4,2,"Bootstrap",0.881,5,"Bootstrap",0.868
3,4,2,"Sandwich",0.798958333333333,6,"Sandwich",0.791623036649215
4,4,2,"Jackknife_Wald",0.975,1,"Jackknife_MVN",0.975791433891993
4,4,2,"Jackknife_MVN",0.970588235294118,2,"Jackknife_Wald",0.961
4,4,2,"LEF_outcome",0.91,3,"LEF_outcome",0.901
4,4,2,"LEF_both",0.907,4,"LEF_both",0.897
4,4,2,"Bootstrap",0.873,5,"Bootstrap",0.853
4,4,2,"Sandwich",0.821875,6,"Sandwich",0.801047120418848
0,5,2,"LEF_outcome",0.992,1,"LEF_outcome",0.993
0,5,2,"LEF_both",0.992,1,"LEF_both",0.993
0,5,2,"Jackknife_MVN",0.98546209761163,2,"Jackknife_MVN",0.989440337909187
0,5,2,"Jackknife_Wald",0.952,3,"Sandwich",0.971783295711061
0,5,2,"Bootstrap",0.951,4,"Bootstrap",0.947
0,5,2,"Sandwich",0.948198198198198,5,"Jackknife_Wald",0.945
1,5,2,"LEF_outcome",0.983,1,"LEF_outcome",0.983
1,5,2,"LEF_both",0.983,1,"LEF_both",0.981
1,5,2,"Jackknife_MVN",0.975077881619938,2,"Jackknife_MVN",0.971488912354805
1,5,2,"Sandwich",0.933558558558559,3,"Sandwich",0.928893905191874
1,5,2,"Jackknife_Wald",0.914,4,"Jackknife_Wald",0.926
1,5,2,"Bootstrap",0.912,5,"Bootstrap",0.914
2,5,2,"Jackknife_MVN",0.960539979231568,1,"Jackknife_MVN",0.955649419218585
2,5,2,"LEF_outcome",0.95,2,"LEF_outcome",0.955
2,5,2,"LEF_both",0.949,3,"LEF_both",0.951
2,5,2,"Jackknife_Wald",0.903,4,"Jackknife_Wald",0.906
2,5,2,"Sandwich",0.875,5,"Sandwich",0.851015801354402
2,5,2,"Bootstrap",0.859,6,"Bootstrap",0.849
3,5,2,"Jackknife_MVN",0.950155763239875,1,"Jackknife_MVN",0.958817317845829
3,5,2,"Jackknife_Wald",0.906,2,"Jackknife_Wald",0.909
3,5,2,"LEF_outcome",0.884,3,"LEF_outcome",0.885
3,5,2,"LEF_both",0.881,4,"LEF_both",0.879
3,5,2,"Bootstrap",0.802,5,"Bootstrap",0.808
3,5,2,"Sandwich",0.792792792792793,6,"Sandwich",0.762979683972912
4,5,2,"Jackknife_MVN",0.949117341640706,1,"Jackknife_MVN",0.955649419218585
4,5,2,"Jackknife_Wald",0.903,2,"Jackknife_Wald",0.904
4,5,2,"LEF_outcome",0.804,3,"LEF_outcome",0.785
4,5,2,"LEF_both",0.804,3,"LEF_both",0.78
4,5,2,"Bootstrap",0.779,4,"Bootstrap",0.755
4,5,2,"Sandwich",0.716216216216216,5,"Sandwich",0.68961625282167
0,6,2,"LEF_outcome",0.98,1,"LEF_outcome",0.978
0,6,2,"LEF_both",0.98,1,"LEF_both",0.978
0,6,2,"Sandwich",0.933503836317136,2,"Sandwich",0.938337801608579
0,6,2,"Jackknife_MVN",0.878486055776892,3,"Jackknife_MVN",0.865030674846626
0,6,2,"Jackknife_Wald",0.865,4,"Jackknife_Wald",0.859
0,6,2,"Bootstrap",0.851,5,"Bootstrap",0.847
1,6,2,"LEF_outcome",0.933,1,"LEF_outcome",0.926
1,6,2,"LEF_both",0.932,2,"LEF_both",0.925
1,6,2,"Jackknife_MVN",0.888446215139442,3,"Sandwich",0.892761394101877
1,6,2,"Sandwich",0.879795396419437,4,"Jackknife_MVN",0.883435582822086
1,6,2,"Jackknife_Wald",0.766,5,"Jackknife_Wald",0.762
1,6,2,"Bootstrap",0.694,6,"Bootstrap",0.691
2,6,2,"Jackknife_MVN",0.892430278884462,1,"Jackknife_MVN",0.89161554192229
2,6,2,"LEF_both",0.863,2,"LEF_outcome",0.851
2,6,2,"LEF_outcome",0.86,3,"LEF_both",0.844
2,6,2,"Sandwich",0.731457800511509,4,"Sandwich",0.758713136729222
2,6,2,"Jackknife_Wald",0.689,5,"Jackknife_Wald",0.711
2,6,2,"Bootstrap",0.548,6,"Bootstrap",0.563
3,6,2,"Jackknife_MVN",0.886454183266932,1,"Jackknife_MVN",0.89161554192229
3,6,2,"LEF_both",0.808,2,"LEF_outcome",0.796
3,6,2,"LEF_outcome",0.806,3,"LEF_both",0.795
3,6,2,"Jackknife_Wald",0.742,4,"Jackknife_Wald",0.752
3,6,2,"Sandwich",0.716112531969309,5,"Sandwich",0.694369973190349
3,6,2,"Bootstrap",0.53,6,"Bootstrap",0.509
4,6,2,"Jackknife_MVN",0.864541832669323,1,"Jackknife_MVN",0.879345603271984
4,6,2,"LEF_outcome",0.793,2,"Jackknife_Wald",0.79
4,6,2,"LEF_both",0.793,2,"LEF_outcome",0.778
4,6,2,"Jackknife_Wald",0.772,3,"LEF_both",0.773
4,6,2,"Sandwich",0.759590792838875,4,"Sandwich",0.723860589812332
4,6,2,"Bootstrap",0.55,5,"Bootstrap",0.525
0,7,2,"LEF_outcome",0.986,1,"LEF_outcome",0.973
0,7,2,"LEF_both",0.986,1,"LEF_both",0.973
0,7,2,"Jackknife_MVN",0.97940074906367,2,"Jackknife_MVN",0.972972972972973
0,7,2,"Bootstrap",0.962,3,"Jackknife_Wald",0.954
0,7,2,"Jackknife_Wald",0.96,4,"Sandwich",0.948851774530271
0,7,2,"Sandwich",0.949064449064449,5,"Bootstrap",0.948
1,7,2,"LEF_outcome",0.995,1,"LEF_outcome",0.992
1,7,2,"LEF_both",0.994,2,"LEF_both",0.99
1,7,2,"Bootstrap",0.972,3,"Jackknife_MVN",0.959459459459459
1,7,2,"Jackknife_Wald",0.972,3,"Jackknife_Wald",0.955
1,7,2,"Jackknife_MVN",0.971910112359551,4,"Bootstrap",0.954
1,7,2,"Sandwich",0.932432432432432,5,"Sandwich",0.930062630480167
2,7,2,"LEF_outcome",0.977,1,"LEF_outcome",0.973
2,7,2,"LEF_both",0.976,2,"LEF_both",0.97
2,7,2,"Jackknife_Wald",0.972,3,"Jackknife_MVN",0.967181467181467
2,7,2,"Jackknife_MVN",0.971910112359551,4,"Jackknife_Wald",0.956
2,7,2,"Bootstrap",0.949,5,"Bootstrap",0.929
2,7,2,"Sandwich",0.866943866943867,6,"Sandwich",0.860125260960334
3,7,2,"Jackknife_Wald",0.962,1,"Jackknife_Wald",0.971
3,7,2,"Jackknife_MVN",0.960674157303371,2,"Jackknife_MVN",0.965250965250965
3,7,2,"LEF_both",0.922,3,"LEF_outcome",0.912
3,7,2,"LEF_outcome",0.921,4,"LEF_both",0.911
3,7,2,"Bootstrap",0.879,5,"Bootstrap",0.872
3,7,2,"Sandwich",0.82016632016632,6,"Sandwich",0.793319415448852
4,7,2,"Jackknife_MVN",0.9812734082397,1,"Jackknife_Wald",0.97
4,7,2,"Jackknife_Wald",0.956,2,"Jackknife_MVN",0.955598455598456
4,7,2,"LEF_outcome",0.898,3,"LEF_outcome",0.871
4,7,2,"LEF_both",0.898,3,"LEF_both",0.869
4,7,2,"Bootstrap",0.883,4,"Bootstrap",0.861
4,7,2,"Sandwich",0.825363825363825,5,"Sandwich",0.792275574112735
0,8,2,"LEF_outcome",0.986,1,"Jackknife_MVN",0.975473801560758
0,8,2,"LEF_both",0.986,1,"LEF_outcome",0.971
0,8,2,"Jackknife_MVN",0.983388704318937,2,"LEF_both",0.971
0,8,2,"Sandwich",0.960220994475138,3,"Sandwich",0.959367945823928
0,8,2,"Jackknife_Wald",0.944,4,"Jackknife_Wald",0.939
0,8,2,"Bootstrap",0.939,5,"Bootstrap",0.931
1,8,2,"LEF_outcome",0.976,1,"Jackknife_MVN",0.969899665551839
1,8,2,"LEF_both",0.976,1,"LEF_outcome",0.963
1,8,2,"Jackknife_MVN",0.971207087486157,2,"LEF_both",0.958
1,8,2,"Sandwich",0.921546961325967,3,"Jackknife_Wald",0.899
1,8,2,"Jackknife_Wald",0.899,4,"Sandwich",0.898419864559819
1,8,2,"Bootstrap",0.895,5,"Bootstrap",0.875
2,8,2,"Jackknife_MVN",0.960132890365448,1,"Jackknife_MVN",0.945373467112598
2,8,2,"LEF_outcome",0.926,2,"LEF_outcome",0.913
2,8,2,"LEF_both",0.926,2,"LEF_both",0.908
2,8,2,"Jackknife_Wald",0.884,3,"Jackknife_Wald",0.89
2,8,2,"Sandwich",0.846408839779005,4,"Bootstrap",0.815
2,8,2,"Bootstrap",0.842,5,"Sandwich",0.811512415349887
3,8,2,"Jackknife_MVN",0.957918050941307,1,"Jackknife_MVN",0.937569676700111
3,8,2,"Jackknife_Wald",0.885,2,"Jackknife_Wald",0.891
3,8,2,"LEF_both",0.83,3,"LEF_outcome",0.817
3,8,2,"LEF_outcome",0.827,4,"LEF_both",0.814
3,8,2,"Bootstrap",0.785,5,"Bootstrap",0.768
3,8,2,"Sandwich",0.743646408839779,6,"Sandwich",0.725733634311512
4,8,2,"Jackknife_MVN",0.954595791805094,1,"Jackknife_MVN",0.939799331103679
4,8,2,"Jackknife_Wald",0.882,2,"Jackknife_Wald",0.895
4,8,2,"Bootstrap",0.748,3,"Bootstrap",0.757
4,8,2,"LEF_both",0.736,4,"LEF_outcome",0.729
4,8,2,"LEF_outcome",0.734,5,"LEF_both",0.728
4,8,2,"Sandwich",0.664088397790055,6,"Sandwich",0.656884875846501
0,9,2,"Sandwich",0.953545232273839,1,"LEF_outcome",0.94
0,9,2,"LEF_outcome",0.941,2,"LEF_both",0.94
0,9,2,"LEF_both",0.941,2,"Sandwich",0.926582278481013
0,9,2,"Jackknife_MVN",0.851851851851852,3,"Jackknife_MVN",0.867647058823529
0,9,2,"Jackknife_Wald",0.849,4,"Jackknife_Wald",0.856
0,9,2,"Bootstrap",0.835,5,"Bootstrap",0.835
1,9,2,"Sandwich",0.889975550122249,1,"Sandwich",0.906329113924051
1,9,2,"LEF_outcome",0.889,2,"Jackknife_MVN",0.892857142857143
1,9,2,"LEF_both",0.887,3,"LEF_outcome",0.878
1,9,2,"Jackknife_MVN",0.864197530864197,4,"LEF_both",0.877
1,9,2,"Jackknife_Wald",0.767,5,"Jackknife_Wald",0.782
1,9,2,"Bootstrap",0.696,6,"Bootstrap",0.696
2,9,2,"Jackknife_MVN",0.87037037037037,1,"Jackknife_MVN",0.880252100840336
2,9,2,"LEF_both",0.827,2,"LEF_outcome",0.815
2,9,2,"LEF_outcome",0.824,3,"LEF_both",0.814
2,9,2,"Sandwich",0.694376528117359,4,"Sandwich",0.779746835443038
2,9,2,"Jackknife_Wald",0.691,5,"Jackknife_Wald",0.705
2,9,2,"Bootstrap",0.552,6,"Bootstrap",0.576
3,9,2,"Jackknife_MVN",0.843621399176955,1,"Jackknife_MVN",0.878151260504202
3,9,2,"LEF_both",0.775,2,"LEF_outcome",0.779
3,9,2,"LEF_outcome",0.771,3,"LEF_both",0.768
3,9,2,"Jackknife_Wald",0.733,4,"Jackknife_Wald",0.733
3,9,2,"Sandwich",0.662591687041565,5,"Sandwich",0.718987341772152
3,9,2,"Bootstrap",0.495,6,"Bootstrap",0.515
4,9,2,"Jackknife_MVN",0.837448559670782,1,"Jackknife_MVN",0.850840336134454
4,9,2,"Jackknife_Wald",0.769,2,"Jackknife_Wald",0.766
4,9,2,"LEF_both",0.727,3,"LEF_outcome",0.728
4,9,2,"LEF_outcome",0.726,4,"LEF_both",0.726
4,9,2,"Sandwich",0.694376528117359,5,"Sandwich",0.713924050632911
4,9,2,"Bootstrap",0.513,6,"Bootstrap",0.514
0,1,3,"Jackknife_MVN",0.977099236641221,1,"Jackknife_MVN",0.96455223880597
0,1,3,"LEF_outcome",0.965,2,"LEF_outcome",0.963
0,1,3,"LEF_both",0.965,2,"LEF_both",0.963
0,1,3,"Bootstrap",0.954,3,"Sandwich",0.956340956340956
0,1,3,"Sandwich",0.953798767967146,4,"Jackknife_Wald",0.956
0,1,3,"Jackknife_Wald",0.949,5,"Bootstrap",0.953
1,1,3,"LEF_outcome",0.962,1,"LEF_outcome",0.958
1,1,3,"LEF_both",0.962,1,"LEF_both",0.955
1,1,3,"Jackknife_MVN",0.959923664122137,2,"Jackknife_MVN",0.949626865671642
1,1,3,"Jackknife_Wald",0.952,3,"Jackknife_Wald",0.947
1,1,3,"Bootstrap",0.945,4,"Bootstrap",0.94
1,1,3,"Sandwich",0.927104722792608,5,"Sandwich",0.923076923076923
2,1,3,"LEF_outcome",0.949,1,"Jackknife_MVN",0.942164179104478
2,1,3,"LEF_both",0.947,2,"LEF_outcome",0.927
2,1,3,"Jackknife_MVN",0.946564885496183,3,"LEF_both",0.925
2,1,3,"Jackknife_Wald",0.934,4,"Jackknife_Wald",0.916
2,1,3,"Bootstrap",0.913,5,"Bootstrap",0.896
2,1,3,"Sandwich",0.878850102669405,6,"Sandwich",0.867983367983368
3,1,3,"Jackknife_MVN",0.958015267175573,1,"Jackknife_MVN",0.957089552238806
3,1,3,"Jackknife_Wald",0.938,2,"Jackknife_Wald",0.923
3,1,3,"LEF_outcome",0.913,3,"LEF_outcome",0.901
3,1,3,"LEF_both",0.911,4,"LEF_both",0.901
3,1,3,"Bootstrap",0.845,5,"Bootstrap",0.829
3,1,3,"Sandwich",0.82135523613963,6,"Sandwich",0.821205821205821
4,1,3,"Jackknife_MVN",0.977099236641221,1,"Jackknife_Wald",0.967
4,1,3,"Jackknife_Wald",0.972,2,"Jackknife_MVN",0.955223880597015
4,1,3,"LEF_outcome",0.902,3,"LEF_outcome",0.89
4,1,3,"LEF_both",0.896,4,"LEF_both",0.89
4,1,3,"Bootstrap",0.838,5,"Bootstrap",0.827
4,1,3,"Sandwich",0.804928131416838,6,"Sandwich",0.825363825363825
0,2,3,"LEF_outcome",0.977,1,"Jackknife_MVN",0.978215767634855
0,2,3,"LEF_both",0.977,1,"LEF_outcome",0.972
0,2,3,"Jackknife_MVN",0.970863683662851,2,"LEF_both",0.972
0,2,3,"Sandwich",0.950959488272921,3,"Sandwich",0.95610278372591
0,2,3,"Jackknife_Wald",0.95,4,"Bootstrap",0.95
0,2,3,"Bootstrap",0.947,5,"Jackknife_Wald",0.95
1,2,3,"Jackknife_MVN",0.984391259105099,1,"Jackknife_MVN",0.982365145228216
1,2,3,"LEF_both",0.968,2,"LEF_outcome",0.976
1,2,3,"LEF_outcome",0.967,3,"LEF_both",0.975
1,2,3,"Sandwich",0.958422174840085,4,"Sandwich",0.955032119914347
1,2,3,"Jackknife_Wald",0.943,5,"Jackknife_Wald",0.947
1,2,3,"Bootstrap",0.926,6,"Bootstrap",0.934
2,2,3,"Jackknife_MVN",0.972944849115505,1,"Jackknife_MVN",0.980290456431535
2,2,3,"LEF_outcome",0.95,2,"LEF_outcome",0.958
2,2,3,"LEF_both",0.949,3,"LEF_both",0.958
2,2,3,"Sandwich",0.929637526652452,4,"Jackknife_Wald",0.94
2,2,3,"Jackknife_Wald",0.927,5,"Sandwich",0.926124197002141
2,2,3,"Bootstrap",0.897,6,"Bootstrap",0.909
3,2,3,"Jackknife_MVN",0.968782518210198,1,"Jackknife_MVN",0.979253112033195
3,2,3,"Jackknife_Wald",0.941,2,"Jackknife_Wald",0.941
3,2,3,"LEF_both",0.878,3,"LEF_outcome",0.886
3,2,3,"LEF_outcome",0.877,4,"LEF_both",0.881
3,2,3,"Bootstrap",0.837,5,"Bootstrap",0.857
3,2,3,"Sandwich",0.819829424307036,6,"Sandwich",0.853319057815846
4,2,3,"Jackknife_MVN",0.976066597294485,1,"Jackknife_MVN",0.980290456431535
4,2,3,"Jackknife_Wald",0.941,2,"Jackknife_Wald",0.938
4,2,3,"Bootstrap",0.792,3,"Bootstrap",0.795
4,2,3,"LEF_outcome",0.761,4,"LEF_outcome",0.76
4,2,3,"LEF_both",0.759,5,"LEF_both",0.754
4,2,3,"Sandwich",0.702558635394456,6,"Sandwich",0.732334047109208
0,3,3,"Jackknife_MVN",0.968253968253968,1,"Jackknife_MVN",0.966101694915254
0,3,3,"Sandwich",0.962843295638126,2,"Sandwich",0.949511400651466
0,3,3,"LEF_outcome",0.949,3,"LEF_outcome",0.934
0,3,3,"LEF_both",0.949,3,"LEF_both",0.934
0,3,3,"Jackknife_Wald",0.925,4,"Jackknife_Wald",0.917
0,3,3,"Bootstrap",0.906,5,"Bootstrap",0.894
1,3,3,"Jackknife_MVN",0.96031746031746,1,"Jackknife_MVN",0.958568738229755
1,3,3,"Sandwich",0.882067851373183,2,"LEF_outcome",0.857
1,3,3,"LEF_outcome",0.868,3,"LEF_both",0.854
1,3,3,"LEF_both",0.868,3,"Sandwich",0.842019543973941
1,3,3,"Jackknife_Wald",0.806,4,"Jackknife_Wald",0.792
1,3,3,"Bootstrap",0.779,5,"Bootstrap",0.761
2,3,3,"Jackknife_MVN",0.853174603174603,1,"Jackknife_MVN",0.836158192090395
2,3,3,"LEF_both",0.776,2,"LEF_both",0.763
2,3,3,"LEF_outcome",0.772,3,"LEF_outcome",0.761
2,3,3,"Sandwich",0.74313408723748,4,"Jackknife_Wald",0.693
2,3,3,"Jackknife_Wald",0.703,5,"Sandwich",0.682410423452769
2,3,3,"Bootstrap",0.612,6,"Bootstrap",0.611
3,3,3,"Jackknife_MVN",0.867063492063492,1,"Jackknife_MVN",0.858757062146893
3,3,3,"Jackknife_Wald",0.771,2,"Jackknife_Wald",0.764
3,3,3,"Sandwich",0.747980613893376,3,"Sandwich",0.711726384364821
3,3,3,"LEF_outcome",0.732,4,"LEF_outcome",0.7
3,3,3,"LEF_both",0.731,5,"LEF_both",0.692
3,3,3,"Bootstrap",0.566,6,"Bootstrap",0.557
4,3,3,"Jackknife_MVN",0.882936507936508,1,"Jackknife_MVN",0.883239171374765
4,3,3,"Jackknife_Wald",0.819,2,"Jackknife_Wald",0.831
4,3,3,"Sandwich",0.789983844911147,3,"Sandwich",0.788273615635179
4,3,3,"LEF_both",0.73,4,"LEF_outcome",0.714
4,3,3,"LEF_outcome",0.729,5,"LEF_both",0.704
4,3,3,"Bootstrap",0.6,6,"Bootstrap",0.595
0,4,3,"LEF_outcome",0.961,1,"Jackknife_MVN",0.978515625
0,4,3,"LEF_both",0.961,1,"LEF_outcome",0.957
0,4,3,"Jackknife_MVN",0.957364341085271,2,"LEF_both",0.957
0,4,3,"Sandwich",0.941237113402062,3,"Sandwich",0.951143451143451
0,4,3,"Bootstrap",0.939,4,"Jackknife_Wald",0.944
0,4,3,"Jackknife_Wald",0.939,4,"Bootstrap",0.937
1,4,3,"LEF_outcome",0.959,1,"LEF_outcome",0.953
1,4,3,"LEF_both",0.959,1,"LEF_both",0.953
1,4,3,"Jackknife_Wald",0.941,2,"Jackknife_MVN",0.939453125
1,4,3,"Jackknife_MVN",0.932170542635659,3,"Jackknife_Wald",0.935
1,4,3,"Bootstrap",0.925,4,"Bootstrap",0.924
1,4,3,"Sandwich",0.901030927835052,5,"Sandwich",0.907484407484408
2,4,3,"LEF_outcome",0.94,1,"LEF_outcome",0.945
2,4,3,"LEF_both",0.938,2,"LEF_both",0.939
2,4,3,"Jackknife_MVN",0.918604651162791,3,"Jackknife_MVN",0.9375
2,4,3,"Jackknife_Wald",0.901,4,"Jackknife_Wald",0.92
2,4,3,"Bootstrap",0.888,5,"Bootstrap",0.91
2,4,3,"Sandwich",0.857731958762887,6,"Sandwich",0.877338877338877
3,4,3,"Jackknife_MVN",0.930232558139535,1,"Jackknife_MVN",0.947265625
3,4,3,"Jackknife_Wald",0.929,2,"Jackknife_Wald",0.929
3,4,3,"LEF_outcome",0.907,3,"LEF_outcome",0.893
3,4,3,"LEF_both",0.905,4,"LEF_both",0.889
3,4,3,"Bootstrap",0.812,5,"Bootstrap",0.83
3,4,3,"Sandwich",0.797938144329897,6,"Sandwich",0.817047817047817
4,4,3,"Jackknife_Wald",0.962,1,"Jackknife_Wald",0.97
4,4,3,"Jackknife_MVN",0.943798449612403,2,"Jackknife_MVN",0.947265625
4,4,3,"LEF_outcome",0.896,3,"LEF_outcome",0.877
4,4,3,"LEF_both",0.893,4,"LEF_both",0.873
4,4,3,"Bootstrap",0.823,5,"Bootstrap",0.839
4,4,3,"Sandwich",0.812371134020619,6,"Sandwich",0.824324324324324
0,5,3,"Jackknife_MVN",0.968236582694414,1,"Jackknife_MVN",0.973204715969989
0,5,3,"LEF_outcome",0.967,2,"LEF_outcome",0.971
0,5,3,"LEF_both",0.967,2,"LEF_both",0.971
0,5,3,"Jackknife_Wald",0.952,3,"Sandwich",0.953537486800422
0,5,3,"Sandwich",0.949260042283298,4,"Jackknife_Wald",0.95
0,5,3,"Bootstrap",0.949,5,"Bootstrap",0.943
1,5,3,"Jackknife_MVN",0.980284775465498,1,"Jackknife_MVN",0.981779206859593
1,5,3,"LEF_outcome",0.967,2,"LEF_outcome",0.963
1,5,3,"LEF_both",0.967,2,"LEF_both",0.959
1,5,3,"Sandwich",0.949260042283298,3,"Sandwich",0.953537486800422
1,5,3,"Jackknife_Wald",0.946,4,"Jackknife_Wald",0.94
1,5,3,"Bootstrap",0.932,5,"Bootstrap",0.918
2,5,3,"Jackknife_MVN",0.976998904709748,1,"Jackknife_MVN",0.979635584137192
2,5,3,"LEF_outcome",0.95,2,"LEF_outcome",0.945
2,5,3,"LEF_both",0.95,2,"LEF_both",0.938
2,5,3,"Jackknife_Wald",0.936,3,"Jackknife_Wald",0.922
2,5,3,"Bootstrap",0.908,4,"Sandwich",0.881731784582893
2,5,3,"Sandwich",0.891120507399577,5,"Bootstrap",0.881
3,5,3,"Jackknife_MVN",0.967141292442497,1,"Jackknife_MVN",0.973204715969989
3,5,3,"Jackknife_Wald",0.932,2,"Jackknife_Wald",0.923
3,5,3,"LEF_outcome",0.84,3,"LEF_outcome",0.852
3,5,3,"LEF_both",0.839,4,"LEF_both",0.845
3,5,3,"Bootstrap",0.827,5,"Bootstrap",0.807
3,5,3,"Sandwich",0.784355179704017,6,"Sandwich",0.775079197465681
4,5,3,"Jackknife_MVN",0.971522453450164,1,"Jackknife_MVN",0.964630225080386
4,5,3,"Jackknife_Wald",0.938,2,"Jackknife_Wald",0.918
4,5,3,"Bootstrap",0.771,3,"Bootstrap",0.77
4,5,3,"LEF_outcome",0.717,4,"LEF_outcome",0.718
4,5,3,"LEF_both",0.716,5,"LEF_both",0.711
4,5,3,"Sandwich",0.668076109936575,6,"Sandwich",0.686378035902851
0,6,3,"Sandwich",0.966841186736475,1,"Jackknife_MVN",0.96734693877551
0,6,3,"Jackknife_MVN",0.961693548387097,2,"Sandwich",0.957482993197279
0,6,3,"LEF_outcome",0.925,3,"Jackknife_Wald",0.925
0,6,3,"LEF_both",0.925,3,"LEF_outcome",0.919
0,6,3,"Jackknife_Wald",0.921,4,"LEF_both",0.919
0,6,3,"Bootstrap",0.9,5,"Bootstrap",0.901
1,6,3,"Jackknife_MVN",0.957661290322581,1,"Jackknife_MVN",0.961224489795918
1,6,3,"Sandwich",0.858638743455497,2,"LEF_outcome",0.842
1,6,3,"LEF_outcome",0.846,3,"Sandwich",0.841836734693878
1,6,3,"LEF_both",0.845,4,"LEF_both",0.832
1,6,3,"Jackknife_Wald",0.804,5,"Jackknife_Wald",0.816
1,6,3,"Bootstrap",0.749,6,"Bootstrap",0.767
2,6,3,"Jackknife_MVN",0.830645161290323,1,"Jackknife_MVN",0.822448979591837
2,6,3,"LEF_both",0.736,2,"LEF_outcome",0.734
2,6,3,"LEF_outcome",0.735,3,"LEF_both",0.731
2,6,3,"Jackknife_Wald",0.71,4,"Jackknife_Wald",0.716
2,6,3,"Sandwich",0.68586387434555,5,"Sandwich",0.69047619047619
2,6,3,"Bootstrap",0.608,6,"Bootstrap",0.603
3,6,3,"Jackknife_MVN",0.879032258064516,1,"Jackknife_MVN",0.851020408163265
3,6,3,"Jackknife_Wald",0.774,2,"Jackknife_Wald",0.78
3,6,3,"LEF_both",0.707,3,"LEF_outcome",0.693
3,6,3,"Sandwich",0.706806282722513,4,"LEF_both",0.692
3,6,3,"LEF_outcome",0.705,5,"Sandwich",0.685374149659864
3,6,3,"Bootstrap",0.572,6,"Bootstrap",0.559
4,6,3,"Jackknife_MVN",0.891129032258065,1,"Jackknife_MVN",0.879591836734694
4,6,3,"Jackknife_Wald",0.83,2,"Jackknife_Wald",0.826
4,6,3,"Sandwich",0.767888307155323,3,"Sandwich",0.722789115646258
4,6,3,"LEF_outcome",0.688,4,"LEF_outcome",0.666
4,6,3,"LEF_both",0.688,4,"LEF_both",0.665
4,6,3,"Bootstrap",0.586,5,"Bootstrap",0.565
0,7,3,"LEF_outcome",0.969,1,"Jackknife_MVN",0.955197132616487
0,7,3,"LEF_both",0.969,1,"LEF_outcome",0.944
0,7,3,"Bootstrap",0.959,2,"LEF_both",0.944
0,7,3,"Jackknife_Wald",0.957,3,"Jackknife_Wald",0.943
0,7,3,"Sandwich",0.95,4,"Sandwich",0.942327497425335
0,7,3,"Jackknife_MVN",0.941634241245136,5,"Bootstrap",0.942
1,7,3,"LEF_outcome",0.956,1,"Jackknife_MVN",0.976702508960573
1,7,3,"LEF_both",0.955,2,"LEF_outcome",0.961
1,7,3,"Jackknife_MVN",0.953307392996109,3,"LEF_both",0.959
1,7,3,"Jackknife_Wald",0.945,4,"Jackknife_Wald",0.955
1,7,3,"Bootstrap",0.937,5,"Bootstrap",0.948
1,7,3,"Sandwich",0.919791666666667,6,"Sandwich",0.93923789907312
2,7,3,"Jackknife_MVN",0.957198443579767,1,"Jackknife_MVN",0.967741935483871
2,7,3,"LEF_outcome",0.941,2,"LEF_outcome",0.95
2,7,3,"LEF_both",0.94,3,"LEF_both",0.943
2,7,3,"Jackknife_Wald",0.939,4,"Jackknife_Wald",0.938
2,7,3,"Bootstrap",0.912,5,"Bootstrap",0.914
2,7,3,"Sandwich",0.870833333333333,6,"Sandwich",0.884654994850669
3,7,3,"Jackknife_MVN",0.972762645914397,1,"Jackknife_Wald",0.956
3,7,3,"Jackknife_Wald",0.952,2,"Jackknife_MVN",0.949820788530466
3,7,3,"LEF_outcome",0.885,3,"LEF_outcome",0.901
3,7,3,"LEF_both",0.879,4,"LEF_both",0.892
3,7,3,"Bootstrap",0.821,5,"Bootstrap",0.847
3,7,3,"Sandwich",0.814583333333333,6,"Sandwich",0.820803295571576
4,7,3,"Jackknife_Wald",0.97,1,"Jackknife_Wald",0.972
4,7,3,"Jackknife_MVN",0.949416342412451,2,"Jackknife_MVN",0.933691756272401
4,7,3,"LEF_outcome",0.855,3,"LEF_outcome",0.871
4,7,3,"LEF_both",0.851,4,"LEF_both",0.865
4,7,3,"Bootstrap",0.813,5,"Bootstrap",0.843
4,7,3,"Sandwich",0.80625,6,"Sandwich",0.809474768280124
0,8,3,"Jackknife_MVN",0.968347010550996,1,"Jackknife_MVN",0.967630057803468
0,8,3,"LEF_outcome",0.962,2,"LEF_outcome",0.963
0,8,3,"LEF_both",0.962,2,"LEF_both",0.963
0,8,3,"Jackknife_Wald",0.96,3,"Jackknife_Wald",0.956
0,8,3,"Sandwich",0.958730158730159,4,"Bootstrap",0.954
0,8,3,"Bootstrap",0.949,5,"Sandwich",0.949023861171367
1,8,3,"Jackknife_MVN",0.969519343493552,1,"Jackknife_MVN",0.975722543352601
1,8,3,"LEF_both",0.951,2,"LEF_outcome",0.95
1,8,3,"LEF_outcome",0.95,3,"LEF_both",0.944
1,8,3,"Jackknife_Wald",0.935,4,"Jackknife_Wald",0.927
1,8,3,"Sandwich",0.929100529100529,5,"Sandwich",0.926247288503254
1,8,3,"Bootstrap",0.912,6,"Bootstrap",0.914
2,8,3,"Jackknife_MVN",0.967174677608441,1,"Jackknife_MVN",0.966473988439306
2,8,3,"LEF_outcome",0.927,2,"LEF_outcome",0.92
2,8,3,"LEF_both",0.921,3,"LEF_both",0.919
2,8,3,"Jackknife_Wald",0.919,4,"Jackknife_Wald",0.919
2,8,3,"Sandwich",0.885714285714286,5,"Sandwich",0.878524945770065
2,8,3,"Bootstrap",0.861,6,"Bootstrap",0.861
3,8,3,"Jackknife_MVN",0.967174677608441,1,"Jackknife_MVN",0.958381502890173
3,8,3,"Jackknife_Wald",0.929,2,"Jackknife_Wald",0.928
3,8,3,"LEF_outcome",0.78,3,"LEF_outcome",0.815
3,8,3,"LEF_both",0.778,4,"LEF_both",0.803
3,8,3,"Bootstrap",0.776,5,"Bootstrap",0.788
3,8,3,"Sandwich",0.771428571428571,6,"Sandwich",0.768980477223427
4,8,3,"Jackknife_MVN",0.966002344665885,1,"Jackknife_MVN",0.963005780346821
4,8,3,"Jackknife_Wald",0.927,2,"Jackknife_Wald",0.923
4,8,3,"Bootstrap",0.733,3,"Bootstrap",0.73
4,8,3,"Sandwich",0.661375661375661,4,"LEF_outcome",0.67
4,8,3,"LEF_outcome",0.658,5,"LEF_both",0.67
4,8,3,"LEF_both",0.654,6,"Sandwich",0.644251626898048
0,9,3,"Sandwich",0.960276338514681,1,"Jackknife_MVN",0.961456102783726
0,9,3,"Jackknife_MVN",0.95850622406639,2,"Sandwich",0.951807228915663
0,9,3,"Jackknife_Wald",0.923,3,"Jackknife_Wald",0.924
0,9,3,"LEF_outcome",0.91,4,"LEF_outcome",0.904
0,9,3,"LEF_both",0.91,4,"LEF_both",0.904
0,9,3,"Bootstrap",0.894,5,"Bootstrap",0.888
1,9,3,"Jackknife_MVN",0.935684647302905,1,"Jackknife_MVN",0.944325481798715
1,9,3,"Sandwich",0.873920552677029,2,"Sandwich",0.839931153184165
1,9,3,"LEF_outcome",0.788,3,"LEF_outcome",0.804
1,9,3,"LEF_both",0.788,3,"Jackknife_Wald",0.799
1,9,3,"Jackknife_Wald",0.782,4,"LEF_both",0.789
1,9,3,"Bootstrap",0.728,5,"Bootstrap",0.742
2,9,3,"Jackknife_MVN",0.794605809128631,1,"Jackknife_MVN",0.813704496788009
2,9,3,"Sandwich",0.708117443868739,2,"Sandwich",0.707401032702238
2,9,3,"LEF_outcome",0.694,3,"Jackknife_Wald",0.706
2,9,3,"LEF_both",0.69,4,"LEF_outcome",0.699
2,9,3,"Jackknife_Wald",0.672,5,"LEF_both",0.69
2,9,3,"Bootstrap",0.582,6,"Bootstrap",0.595
3,9,3,"Jackknife_MVN",0.809128630705394,1,"Jackknife_MVN",0.80728051391863
3,9,3,"Jackknife_Wald",0.741,2,"Jackknife_Wald",0.744
3,9,3,"Sandwich",0.692573402417962,3,"Sandwich",0.683304647160069
3,9,3,"LEF_both",0.654,4,"LEF_outcome",0.649
3,9,3,"LEF_outcome",0.653,5,"LEF_both",0.645
3,9,3,"Bootstrap",0.514,6,"Bootstrap",0.516
4,9,3,"Jackknife_MVN",0.825726141078838,1,"Jackknife_MVN",0.815845824411135
4,9,3,"Jackknife_Wald",0.793,2,"Jackknife_Wald",0.799
4,9,3,"Sandwich",0.706390328151986,3,"Sandwich",0.710843373493976
4,9,3,"LEF_both",0.621,4,"LEF_outcome",0.613
4,9,3,"LEF_outcome",0.619,5,"LEF_both",0.611
4,9,3,"Bootstrap",0.507,6,"Bootstrap",0.52
